{
    "average_document_length": {
        "stars": 2.9958071278825997,
        "genres": 2.5786163522012577,
        "summaries": 3.560796645702306
    },
    "document_count": 954
}