{
    "average_document_length": {
        "stars": 3.0,
        "genres": 2.621706235324811,
        "summaries": 3.5230889642577616
    },
    "document_count": 3833
}